{
    "seq_length": 80,
    "bins": [
        20000,
        25000,
        30000,
        35000,
        40000,
        45000,
        50000,
        55000,
        60000,
        65000,
        70000,
        75000,
        80000,
        85000
    ],
    "group_stats": {
        "index": [
            0,
            1,
            2,
            3,
            4,
            5,
            6,
            7,
            8,
            9,
            10,
            11,
            12
        ],
        "columns": [
            "mean",
            "std"
        ],
        "data": [
            [
                22789.243566011824,
                1144.3352519490402
            ],
            [
                27913.55390625,
                128.81530775615786
            ],
            [
                32916.289422298425,
                116.57222214915083
            ],
            [
                37916.27010175872,
                123.80949162814497
            ],
            [
                44274.96782268936,
                802.1806331254218
            ],
            [
                45648.34873787195,
                812.4118547871573
            ],
            [
                52921.253417805936,
                118.8728857904107
            ],
            [
                57920.79613268878,
                124.01814428441796
            ],
            [
                62920.339,
                128.9641734695083
            ],
            [
                69270.16419432228,
                91.98140637985988
            ],
            [
                74382.56662957388,
                207.54562748186189
            ],
            [
                75302.91408681408,
                58.62766397404586
            ],
            [
                81611.8027,
                91.04919603604232
            ]
        ]
    },
    "feature_cols": [
        "speed_normalized_rolling_mean_70",
        "speed_normalized_rolling_std_70",
        "speed_normalized_rolling_max_70",
        "speed_normalized_rolling_iqr_70",
        "speed_normalized_ewm_mean_0.95",
        "speed_normalized_ewm_std_0.95",
        "speed_normalized_diff_abs_1",
        "speed_normalized_trend_180",
        "speed_normalized_acceleration",
        "speed_normalized_fft_spectral_centroid_180",
        "speed_normalized_fft_spectral_entropy_180",
        "speed_normalized_zscore_70",
        "speed_normalized_to_rolling_mean_ratio",
        "speed_normalized_vol_of_vol_70"
    ]
}